{"cameraMode":{"drawMode":0,"name":"Shaded","section":"Shading Mode"},"sceneLighting":true,"audioPlay":false,"sceneViewState":{"showFog":false,"showMaterialUpdate":false,"showSkybox":false,"showFlares":false,"showImageEffects":false,"showParticleSystems":true},"in2DMode":false,"pivot":{"x":5.117854595184326,"y":5.277521133422852,"z":-3.3404905796051027},"rotation":{"x":0.22794416546821595,"y":-0.6381553411483765,"z":0.20603244006633759,"w":0.7059390544891357},"size":21.778148651123048,"orthographic":false}